Id,Label,Signer
2211,C: 1,10
1619,AANKOMEN-A,55
829,AUTO-RIJDEN-A,58
1354,C: 2,10
89,ZELFDE-A,51
1386,WAT-A,29
2254,HAAS-oor,51
2232,AUTO-RIJDEN-A,40
661,SCHILDPAD-Bhanden,35
1556,AUTO-RIJDEN-A,66
1494,ZELFDE-A,62
1459,AUTO-RIJDEN-A,18
167,ZELFDE-A,26
1486,NAAR-A,52
1265,HAAS-oor,27
2116,C: 2,32
2434,AANKOMEN-A,26
694,WAT-A,56
1813,c.OOK,48
3,AUTO-RIJDEN-A,58
128,AUTO-RIJDEN-A,10
1408,c.AF,45
35,SCHILDPAD-Bhanden,63
1484,ZELFDE-A,24
733,AANKOMEN-A,47
1417,ZELFDE-A,46
887,HEBBEN-A,62
1822,HAAS-oor,35
857,AUTO-RIJDEN-A,24
899,NAAR-A,60
1166,C: 1,33
586,WAT-A,40
243,c.AF,62
1609,AUTO-RIJDEN-A,66
603,AUTO-RIJDEN-A,66
1228,c.AF,47
2151,AUTO-RIJDEN-A,24
666,AANKOMEN-A,35
2423,c.AF,32
845,HEBBEN-A,59
149,HAAS-oor,57
2599,HAAS-oor,55
2317,NAAR-A,54
2157,AUTO-RIJDEN-A,44
2067,AANKOMEN-A,55
1276,c.ZIEN,54
134,AUTO-RIJDEN-A,56
383,c.OOK,3
972,HEBBEN-A,24
1153,HAAS-oor,45
396,SCHILDPAD-Bhanden,25
1434,HEBBEN-A,3
879,HAAS-oor,37
2379,NAAR-A,46
592,AUTO-RIJDEN-A,10
2307,SCHILDPAD-Bhanden,57
1968,ZELFDE-A,54
1623,AUTO-RIJDEN-A,66
1056,C: 2,60
2513,HAAS-oor,25
1612,SCHILDPAD-Bhanden,51
797,AUTO-RIJDEN-A,10
567,AUTO-RIJDEN-A,10
2437,HAAS-oor,57
2673,SCHILDPAD-Bhanden,35
1158,c.ZIEN,36
663,HAAS-oor,37
1253,HAAS-oor,47
1374,AUTO-RIJDEN-A,54
381,AUTO-RIJDEN-A,8
2026,HAAS-oor,51
1597,c.AF,3
1410,HEBBEN-A,24
1537,c.OOK,51
463,C: 1,26
621,AUTO-RIJDEN-A,66
2427,ZELFDE-A,8
2481,c.AF,24
2245,HAAS-oor,47
2101,AANKOMEN-A,32
725,ZELFDE-A,27
217,WAT-A,51
1716,AUTO-RIJDEN-A,18
919,c.AF,55
734,HEBBEN-A,25
1288,ZELFDE-A,26
1873,C: 2,36
86,HAAS-oor,63
1638,C: 1,56
137,GOED-A,52
736,c.ZIEN,18
2698,C: 2,26
557,c.OOK,43
2276,NAAR-A,54
197,HEBBEN-A,54
1044,c.ZIEN,40
754,HAAS-oor,25
1606,HAAS-oor,63
1029,WAT-A,46
1772,SCHILDPAD-Bhanden,55
785,NAAR-A,34
2695,c.ZIEN,62
388,ZELFDE-A,26
1413,C: 1,36
353,AANKOMEN-A,45
570,NAAR-A,34
2510,HEBBEN-A,54
1896,AUTO-RIJDEN-A,44
1323,NAAR-A,58
501,WAT-A,51
1590,c.AF,63
2483,c.AF,27
306,AANKOMEN-A,61
2467,AANKOMEN-A,55
1297,ZELFDE-A,18
973,c.OOK,35
1797,c.AF,29
991,c.AF,32
2532,AUTO-RIJDEN-A,10
2558,HAAS-oor,55
628,AUTO-RIJDEN-A,10
1930,ZELFDE-A,34
249,AUTO-RIJDEN-A,52
250,c.AF,57
588,HEBBEN-A,36
1266,c.AF,59
793,c.AF,51
2069,AUTO-RIJDEN-A,34
762,NAAR-A,47
2392,AUTO-RIJDEN-A,58
1095,c.AF,36
2550,HAAS-oor,59
2603,C: 2,38
2181,ZELFDE-A,38
825,SCHILDPAD-Bhanden,59
766,c.OOK,10
1875,c.OOK,18
432,C: 1,8
761,NAAR-A,54
2000,c.AF,3
1831,HAAS-oor,47
1081,HAAS-oor,59
644,NAAR-A,32
1260,C: 1,54
1884,AUTO-RIJDEN-A,46
8,c.ZIEN,10
1145,HEBBEN-A,25
431,GOED-A,61
1138,C: 2,24
2614,AUTO-RIJDEN-A,54
2507,AANKOMEN-A,51
1497,NAAR-A,24
2549,c.OOK,3
1036,AUTO-RIJDEN-A,54
2260,c.AF,36
2425,AUTO-RIJDEN-A,24
837,C: 2,56
634,ZELFDE-A,40
232,HEBBEN-A,54
2569,ZELFDE-A,26
638,WAT-A,62
1429,MOETEN-A,56
152,c.OOK,3
414,SCHILDPAD-Bhanden,51
315,C: 2,36
522,AUTO-RIJDEN-A,40
653,c.ZIEN,32
331,MOETEN-A,3
179,AANKOMEN-A,55
2083,c.AF,25
1004,ZELFDE-A,26
1478,AUTO-RIJDEN-A,54
253,AUTO-RIJDEN-A,52
131,c.AF,24
286,SCHILDPAD-Bhanden,25
1923,ZELFDE-A,25
1825,c.ZIEN,47
196,c.AF,46
1534,ZELFDE-A,52
1578,NAAR-A,8
2002,SCHILDPAD-Bhanden,59
23,NAAR-A,51
1998,HAAS-oor,43
451,AUTO-RIJDEN-A,62
2704,NAAR-A,55
2520,c.OOK,40
2227,SCHILDPAD-Bhanden,35
2586,AANKOMEN-A,27
1167,AUTO-RIJDEN-A,54
1437,C: 2,8
1686,AANKOMEN-A,47
1804,WAT-A,56
97,c.AF,46
547,c.OOK,33
1039,c.AF,57
2137,HAAS-oor,25
956,C: 1,18
1488,ZELFDE-A,27
1023,HAAS-oor,57
802,ZELFDE-A,60
1468,c.AF,8
1130,GOED-A,62
2606,c.AF,24
230,SCHILDPAD-Bhanden,61
1226,AUTO-RIJDEN-A,26
1759,c.AF,47
1828,AANKOMEN-A,35
610,WAT-A,51
274,AUTO-RIJDEN-A,52
1857,AUTO-RIJDEN-A,36
711,SCHILDPAD-Bhanden,25
1809,c.ZIEN,59
365,SCHILDPAD-Bhanden,51
565,AANKOMEN-A,43
83,c.ZIEN,47
514,SCHILDPAD-Bhanden,63
2074,HEBBEN-A,3
2324,NAAR-A,32
174,WAT-A,54
1076,NAAR-A,27
796,c.AF,51
2570,c.OOK,62
2027,HAAS-oor,43
2222,NAAR-A,3
41,c.AF,38
1334,AUTO-RIJDEN-A,54
1492,c.AF,43
2360,HAAS-oor,59
1837,c.AF,57
507,HAAS-oor,45
1543,HEBBEN-A,3
1238,HEBBEN-A,55
99,HEBBEN-A,24
2014,SCHILDPAD-Bhanden,25
1015,c.AF,47
1074,AANKOMEN-A,61
529,SCHILDPAD-Bhanden,59
957,c.AF,52
185,ZELFDE-A,25
2539,WAT-A,48
88,C: 2,3
1267,AANKOMEN-A,8
31,AUTO-RIJDEN-A,60
1856,C: 1,62
2518,C: 2,56
2149,SCHILDPAD-Bhanden,59
452,c.ZIEN,43
2171,c.ZIEN,55
531,c.OOK,24
360,c.ZIEN,54
745,AUTO-RIJDEN-A,40
626,HEBBEN-A,58
1545,C: 2,3
1946,c.AF,26
738,C: 2,60
2373,c.AF,46
856,c.ZIEN,46
2487,c.OOK,38
814,HEBBEN-A,32
1270,HAAS-oor,47
218,C: 2,32
2037,MOETEN-A,54
833,c.ZIEN,3
2155,HEBBEN-A,8
356,AUTO-RIJDEN-A,60
2033,AUTO-RIJDEN-A,58
2204,WAT-A,29
2729,c.OOK,43
222,c.OOK,10
395,C: 2,62
1298,NAAR-A,25
827,HEBBEN-A,25
730,SCHILDPAD-Bhanden,61
125,HAAS-oor,57
525,c.ZIEN,48
721,NAAR-A,52
2710,c.OOK,8
961,NAAR-A,38
2469,ZELFDE-A,34
366,C: 2,44
497,AUTO-RIJDEN-A,48
2247,SCHILDPAD-Bhanden,57
2703,GOED-A,47
2547,MOETEN-A,60
215,ZELFDE-A,43
244,AANKOMEN-A,25
1904,AUTO-RIJDEN-A,66
1720,HEBBEN-A,55
1135,HAAS-oor,61
1713,AUTO-RIJDEN-A,66
1452,C: 2,26
2104,SCHILDPAD-Bhanden,37
1664,NAAR-A,46
1742,c.AF,55
394,c.ZIEN,25
1207,AANKOMEN-A,61
2667,AUTO-RIJDEN-A,18
173,ZELFDE-A,24
811,AANKOMEN-A,47
1116,HAAS-oor,45
1983,AUTO-RIJDEN-A,60
2328,AUTO-RIJDEN-A,18
2136,WAT-A,24
1360,WAT-A,62
1599,AUTO-RIJDEN-A,24
462,AUTO-RIJDEN-A,26
1715,NAAR-A,8
770,C: 2,18
2674,AANKOMEN-A,25
1788,NAAR-A,51
678,C: 1,59
2707,AANKOMEN-A,27
1854,ZELFDE-A,37
2102,AANKOMEN-A,26
468,c.ZIEN,60
2478,C: 2,10
1107,SCHILDPAD-Bhanden,55
2576,NAAR-A,52
1084,MOETEN-A,60
2692,ZELFDE-A,40
1639,HAAS-oor,43
1843,c.ZIEN,18
1232,ZELFDE-A,26
1992,MOETEN-A,18
2081,WAT-A,56
1903,HAAS-oor,47
1171,c.OOK,10
1174,c.OOK,51
2068,AANKOMEN-A,55
826,HAAS-oor,63
2195,SCHILDPAD-Bhanden,59
755,c.ZIEN,29
339,c.OOK,8
202,AANKOMEN-A,43
1876,c.OOK,8
1951,c.AF,60
993,NAAR-A,52
803,NAAR-A,58
1146,ZELFDE-A,25
1148,GOED-A,52
2381,ZELFDE-A,46
2302,HEBBEN-A,32
1554,HEBBEN-A,62
2119,c.AF,18
2605,GOED-A,51
2234,WAT-A,62
518,c.OOK,3
2669,AUTO-RIJDEN-A,52
830,WAT-A,3
1656,AUTO-RIJDEN-A,54
1736,ZELFDE-A,38
1161,GOED-A,44
1611,AANKOMEN-A,57
102,SCHILDPAD-Bhanden,51
251,NAAR-A,10
1202,C: 2,24
1762,AUTO-RIJDEN-A,36
1263,c.ZIEN,60
2233,HAAS-oor,55
2442,c.AF,43
1563,MOETEN-A,56
284,MOETEN-A,44
2096,c.AF,63
890,AUTO-RIJDEN-A,62
278,ZELFDE-A,26
915,c.AF,27
636,ZELFDE-A,26
2375,MOETEN-A,56
90,MOETEN-A,8
93,HEBBEN-A,35
1666,AANKOMEN-A,43
9,c.ZIEN,36
824,GOED-A,3
585,c.OOK,29
343,C: 2,58
517,c.AF,48
1348,c.OOK,10
1558,c.ZIEN,40
931,C: 1,38
977,AUTO-RIJDEN-A,8
583,HAAS-oor,45
1692,HAAS-oor,27
737,C: 1,10
2343,AUTO-RIJDEN-A,58
1491,AANKOMEN-A,27
1755,C: 2,66
1243,c.ZIEN,58
1898,AUTO-RIJDEN-A,54
1280,c.ZIEN,52
2656,ZELFDE-A,34
807,c.ZIEN,29
282,AUTO-RIJDEN-A,8
1181,SCHILDPAD-Bhanden,59
2560,c.OOK,3
2633,C: 1,44
1957,ZELFDE-A,46
1007,HAAS-oor,47
606,ZELFDE-A,8
32,AUTO-RIJDEN-A,60
1210,SCHILDPAD-Bhanden,25
2202,AANKOMEN-A,57
1691,NAAR-A,24
2493,NAAR-A,18
2536,NAAR-A,46
476,c.AF,52
1456,AUTO-RIJDEN-A,36
341,AUTO-RIJDEN-A,52
1336,NAAR-A,40
1239,c.OOK,24
2023,AANKOMEN-A,47
472,C: 2,54
878,NAAR-A,24
2472,c.AF,66
2313,AANKOMEN-A,55
602,c.AF,26
1186,NAAR-A,46
1356,SCHILDPAD-Bhanden,61
789,AUTO-RIJDEN-A,52
1505,AUTO-RIJDEN-A,56
2216,AANKOMEN-A,57
569,c.AF,24
189,c.AF,24
1745,C: 2,58
1912,SCHILDPAD-Bhanden,51
550,NAAR-A,36
120,AUTO-RIJDEN-A,10
2383,c.AF,43
2587,c.AF,24
2371,AANKOMEN-A,47
2038,AANKOMEN-A,37
2645,AUTO-RIJDEN-A,36
1504,c.OOK,43
1011,C: 2,10
229,GOED-A,48
201,AANKOMEN-A,61
1102,c.ZIEN,48
2018,NAAR-A,3
756,c.AF,36
2358,c.AF,32
1268,AANKOMEN-A,63
2459,c.ZIEN,29
57,HEBBEN-A,25
1070,ZELFDE-A,55
1717,C: 2,3
2722,MOETEN-A,3
1373,AUTO-RIJDEN-A,34
234,c.AF,24
1595,c.ZIEN,47
1443,AUTO-RIJDEN-A,66
441,AUTO-RIJDEN-A,40
53,SCHILDPAD-Bhanden,35
290,c.OOK,55
2377,c.ZIEN,29
989,ZELFDE-A,26
2032,NAAR-A,18
1805,HEBBEN-A,44
868,c.ZIEN,10
2530,c.OOK,34
1655,c.AF,27
1525,SCHILDPAD-Bhanden,51
645,AUTO-RIJDEN-A,38
998,AANKOMEN-A,47
874,HAAS-oor,63
732,GOED-A,29
1894,HEBBEN-A,45
1347,HAAS-oor,37
437,C: 2,54
409,c.AF,25
490,ZELFDE-A,24
505,c.OOK,46
1681,ZELFDE-A,34
1249,ZELFDE-A,8
491,AUTO-RIJDEN-A,40
918,AUTO-RIJDEN-A,26
1122,AUTO-RIJDEN-A,36
1650,HEBBEN-A,35
1641,SCHILDPAD-Bhanden,35
2331,c.OOK,25
1183,c.AF,58
1362,AUTO-RIJDEN-A,60
2489,NAAR-A,48
1602,AANKOMEN-A,61
221,HAAS-oor,47
971,HAAS-oor,61
710,C: 1,36
1240,AUTO-RIJDEN-A,32
1339,WAT-A,51
1315,AUTO-RIJDEN-A,58
464,ZELFDE-A,46
2404,C: 1,45
895,c.OOK,25
1840,NAAR-A,25
1937,c.OOK,3
2250,NAAR-A,18
914,AUTO-RIJDEN-A,48
2117,c.ZIEN,10
1272,c.AF,27
1307,ZELFDE-A,3
2056,ZELFDE-A,34
1227,AUTO-RIJDEN-A,58
399,MOETEN-A,57
759,AUTO-RIJDEN-A,18
1712,AUTO-RIJDEN-A,66
267,HEBBEN-A,8
1514,SCHILDPAD-Bhanden,45
2208,AANKOMEN-A,63
239,c.AF,67
2448,HAAS-oor,37
1467,HEBBEN-A,48
2057,c.AF,63
336,AANKOMEN-A,57
1279,c.OOK,33
48,NAAR-A,24
877,AUTO-RIJDEN-A,8
571,C: 2,52
1737,c.ZIEN,63
1406,NAAR-A,54
1480,SCHILDPAD-Bhanden,63
2581,HAAS-oor,63
397,AUTO-RIJDEN-A,40
2345,HAAS-oor,51
133,NAAR-A,62
2153,ZELFDE-A,46
1893,AUTO-RIJDEN-A,10
412,ZELFDE-A,54
1421,AUTO-RIJDEN-A,52
1098,c.OOK,62
2105,HEBBEN-A,18
1477,c.ZIEN,47
2420,MOETEN-A,8
1546,AUTO-RIJDEN-A,32
2632,AANKOMEN-A,27
1962,SCHILDPAD-Bhanden,59
1861,AANKOMEN-A,26
178,NAAR-A,55
713,HAAS-oor,47
1999,AUTO-RIJDEN-A,66
1565,AUTO-RIJDEN-A,54
124,AUTO-RIJDEN-A,8
13,C: 1,18
1868,ZELFDE-A,46
1594,HAAS-oor,45
2724,AUTO-RIJDEN-A,52
1754,AUTO-RIJDEN-A,34
2035,WAT-A,51
1787,WAT-A,38
223,AUTO-RIJDEN-A,56
1944,ZELFDE-A,46
11,NAAR-A,40
920,MOETEN-A,18
1065,c.AF,43
1483,c.AF,10
1286,HAAS-oor,45
1097,C: 2,40
934,SCHILDPAD-Bhanden,59
2394,c.AF,24
2292,c.OOK,3
1258,HAAS-oor,37
112,HEBBEN-A,48
944,HEBBEN-A,51
1790,NAAR-A,52
1451,ZELFDE-A,60
953,AANKOMEN-A,61
2688,ZELFDE-A,55
298,c.AF,27
684,C: 2,35
1471,AANKOMEN-A,55
1363,ZELFDE-A,46
906,NAAR-A,25
963,AUTO-RIJDEN-A,24
1108,c.AF,24
813,c.ZIEN,25
1017,MOETEN-A,3
1579,HEBBEN-A,35
1387,GOED-A,8
1300,ZELFDE-A,26
775,c.OOK,56
688,AUTO-RIJDEN-A,48
1869,AUTO-RIJDEN-A,24
1925,SCHILDPAD-Bhanden,55
2297,HEBBEN-A,45
1377,c.ZIEN,59
69,c.ZIEN,3
927,c.OOK,40
1682,c.OOK,48
2154,c.ZIEN,63
1472,c.AF,27
2491,c.AF,3
187,HEBBEN-A,24
1913,c.ZIEN,36
2341,c.AF,56
1895,SCHILDPAD-Bhanden,35
1295,c.OOK,3
2016,AUTO-RIJDEN-A,66
129,AANKOMEN-A,47
1407,AUTO-RIJDEN-A,52
1032,HAAS-oor,51
897,c.OOK,3
1842,SCHILDPAD-Bhanden,45
1163,AUTO-RIJDEN-A,3
2374,SCHILDPAD-Bhanden,59
119,AUTO-RIJDEN-A,40
417,c.OOK,43
1817,AUTO-RIJDEN-A,54
2197,C: 2,34
1389,AUTO-RIJDEN-A,54
454,HAAS-oor,57
1710,AANKOMEN-A,66
308,HEBBEN-A,51
2066,HEBBEN-A,62
2730,C: 1,24
309,AANKOMEN-A,27
861,AANKOMEN-A,27
2045,GOED-A,55
2080,c.ZIEN,32
71,ZELFDE-A,25
2665,C: 1,36
2585,ZELFDE-A,18
1963,AANKOMEN-A,55
2519,c.AF,48
1368,HAAS-oor,51
1918,ZELFDE-A,26
1849,HEBBEN-A,35
911,c.OOK,24
1770,c.AF,24
55,c.OOK,51
166,SCHILDPAD-Bhanden,25
2198,c.OOK,24
96,NAAR-A,62
2193,AUTO-RIJDEN-A,54
2053,c.ZIEN,8
1627,c.AF,51
2370,HAAS-oor,61
2418,ZELFDE-A,26
265,c.AF,51
1503,HAAS-oor,45
528,ZELFDE-A,59
1124,HEBBEN-A,10
2495,ZELFDE-A,26
1781,WAT-A,54
2490,WAT-A,3
400,AUTO-RIJDEN-A,56
68,C: 1,47
1350,HEBBEN-A,33
349,HEBBEN-A,36
1520,HEBBEN-A,51
322,WAT-A,43
2626,HAAS-oor,37
2325,ZELFDE-A,18
1567,AUTO-RIJDEN-A,54
2011,NAAR-A,55
1077,HAAS-oor,59
118,AUTO-RIJDEN-A,56
951,c.ZIEN,51
2572,c.OOK,51
2150,c.AF,8
132,c.ZIEN,29
1008,AUTO-RIJDEN-A,48
2310,MOETEN-A,24
1063,C: 1,56
1217,ZELFDE-A,55
886,AANKOMEN-A,27
1078,SCHILDPAD-Bhanden,51
1061,GOED-A,38
2303,C: 1,32
256,c.AF,8
2207,WAT-A,58
987,HAAS-oor,45
257,c.AF,24
791,ZELFDE-A,62
164,HAAS-oor,45
1542,HAAS-oor,47
1422,c.AF,24
689,c.AF,45
1547,AUTO-RIJDEN-A,54
2458,AUTO-RIJDEN-A,32
1060,AANKOMEN-A,37
2320,c.ZIEN,29
2684,C: 2,46
1814,WAT-A,46
1155,c.AF,57
534,NAAR-A,51
1792,c.ZIEN,47
647,SCHILDPAD-Bhanden,45
2346,HEBBEN-A,3
2615,C: 2,10
2091,GOED-A,24
2369,c.OOK,8
708,C: 1,46
508,C: 1,24
660,AUTO-RIJDEN-A,66
1481,c.OOK,38
2534,WAT-A,44
1393,AUTO-RIJDEN-A,52
771,ZELFDE-A,46
1966,HEBBEN-A,34
419,NAAR-A,25
1375,c.OOK,47
2213,c.AF,32
2711,AUTO-RIJDEN-A,52
312,HEBBEN-A,25
2456,WAT-A,59
1316,c.AF,43
407,C: 2,52
2287,MOETEN-A,60
2675,HAAS-oor,55
2502,c.AF,43
269,ZELFDE-A,40
1932,ZELFDE-A,54
954,c.AF,46
1685,c.OOK,51
2103,WAT-A,40
2131,HAAS-oor,61
2501,MOETEN-A,24
328,HAAS-oor,47
1704,AANKOMEN-A,61
2,ZELFDE-A,54
1365,C: 2,54
344,C: 1,40
62,AANKOMEN-A,57
445,SCHILDPAD-Bhanden,63
2205,GOED-A,51
1114,NAAR-A,8
2728,HAAS-oor,59
2464,HEBBEN-A,54
546,NAAR-A,18
1889,ZELFDE-A,34
1384,MOETEN-A,56
2063,C: 2,56
633,c.AF,62
1739,HAAS-oor,27
429,C: 2,3
2075,AANKOMEN-A,63
795,c.ZIEN,57
1156,SCHILDPAD-Bhanden,63
848,WAT-A,26
1003,C: 2,24
2696,AUTO-RIJDEN-A,38
930,C: 2,36
469,AUTO-RIJDEN-A,56
649,c.AF,57
601,AUTO-RIJDEN-A,62
406,GOED-A,51
115,c.AF,26
2436,NAAR-A,24
1975,SCHILDPAD-Bhanden,59
503,SCHILDPAD-Bhanden,59
1502,c.AF,58
582,WAT-A,51
945,WAT-A,40
261,SCHILDPAD-Bhanden,59
334,SCHILDPAD-Bhanden,51
2717,AANKOMEN-A,45
1051,ZELFDE-A,26
1575,HAAS-oor,37
47,ZELFDE-A,8
1110,SCHILDPAD-Bhanden,25
667,AUTO-RIJDEN-A,24
1571,AANKOMEN-A,55
1853,NAAR-A,44
1628,c.ZIEN,51
300,C: 1,8
682,ZELFDE-A,26
2145,SCHILDPAD-Bhanden,25
1671,WAT-A,26
1931,AUTO-RIJDEN-A,36
2337,AUTO-RIJDEN-A,3
1448,c.AF,27
2680,HAAS-oor,35
862,AUTO-RIJDEN-A,44
1045,MOETEN-A,57
242,HAAS-oor,35
948,c.OOK,26
2059,HAAS-oor,59
922,AANKOMEN-A,27
2094,c.AF,56
1052,AUTO-RIJDEN-A,32
1866,c.AF,24
382,c.AF,26
2223,AUTO-RIJDEN-A,34
2431,HEBBEN-A,48
2544,AUTO-RIJDEN-A,60
2415,C: 1,44
473,ZELFDE-A,54
1489,c.AF,67
1524,GOED-A,37
2554,AUTO-RIJDEN-A,38
1760,AUTO-RIJDEN-A,48
1672,MOETEN-A,8
1633,MOETEN-A,60
2410,c.OOK,33
1643,c.OOK,55
548,MOETEN-A,46
340,c.OOK,25
2525,WAT-A,56
1838,c.ZIEN,51
2052,MOETEN-A,18
2312,AUTO-RIJDEN-A,8
2376,AUTO-RIJDEN-A,48
60,NAAR-A,8
1616,c.ZIEN,33
1551,HAAS-oor,51
2351,HAAS-oor,51
751,SCHILDPAD-Bhanden,51
1780,C: 2,3
1359,c.ZIEN,38
2268,SCHILDPAD-Bhanden,63
964,GOED-A,60
127,C: 2,52
1499,HEBBEN-A,62
1342,AUTO-RIJDEN-A,52
2039,c.AF,32
1993,HEBBEN-A,43
1924,C: 1,52
702,AUTO-RIJDEN-A,24
427,C: 2,10
578,AUTO-RIJDEN-A,58
2391,HAAS-oor,59
955,HEBBEN-A,60
929,c.ZIEN,44
2286,SCHILDPAD-Bhanden,35
2078,AANKOMEN-A,47
49,AANKOMEN-A,27
1964,C: 2,26
374,NAAR-A,51
2086,c.AF,24
1981,NAAR-A,24
2636,MOETEN-A,44
748,c.OOK,24
608,NAAR-A,8
2715,c.OOK,36
1706,ZELFDE-A,46
15,ZELFDE-A,67
1871,ZELFDE-A,8
1801,HEBBEN-A,45
1954,SCHILDPAD-Bhanden,25
1823,GOED-A,52
1284,AANKOMEN-A,66
1187,C: 2,24
1783,NAAR-A,44
289,AANKOMEN-A,63
1588,C: 2,60
2595,SCHILDPAD-Bhanden,51
2699,AUTO-RIJDEN-A,8
2277,HAAS-oor,43
1205,C: 1,56
1561,ZELFDE-A,40
1301,WAT-A,62
59,ZELFDE-A,26
1657,AANKOMEN-A,27
625,C: 2,56
717,ZELFDE-A,43
1287,SCHILDPAD-Bhanden,59
926,ZELFDE-A,34
2629,c.OOK,36
2424,NAAR-A,3
2301,AUTO-RIJDEN-A,66
2196,c.ZIEN,66
739,AUTO-RIJDEN-A,58
113,MOETEN-A,40
2443,GOED-A,38
150,c.AF,24
1180,NAAR-A,18
2333,AUTO-RIJDEN-A,18
2411,MOETEN-A,32
1390,WAT-A,51
2203,AANKOMEN-A,47
1424,MOETEN-A,18
1126,c.AF,3
2109,AUTO-RIJDEN-A,18
2161,C: 1,56
2430,c.ZIEN,47
494,NAAR-A,46
404,c.AF,10
1986,AUTO-RIJDEN-A,56
1939,C: 1,8
2209,AUTO-RIJDEN-A,18
110,AUTO-RIJDEN-A,34
2229,AUTO-RIJDEN-A,36
2265,ZELFDE-A,46
928,NAAR-A,56
2118,c.ZIEN,33
1197,ZELFDE-A,24
1711,AUTO-RIJDEN-A,54
2526,NAAR-A,24
20,GOED-A,48
36,WAT-A,18
1587,c.AF,67
386,NAAR-A,48
1573,NAAR-A,54
866,MOETEN-A,57
2212,NAAR-A,46
1649,c.AF,32
2661,ZELFDE-A,43
705,c.AF,27
2079,c.AF,40
169,MOETEN-A,10
1010,MOETEN-A,10
2127,ZELFDE-A,34
1454,WAT-A,25
1013,AANKOMEN-A,59
573,AUTO-RIJDEN-A,26
1487,NAAR-A,57
1695,SCHILDPAD-Bhanden,55
1103,ZELFDE-A,24
1495,c.OOK,3
40,HAAS-oor,47
391,C: 1,29
116,AANKOMEN-A,45
2445,c.AF,27
75,AANKOMEN-A,47
1345,MOETEN-A,32
449,MOETEN-A,3
523,HAAS-oor,51
45,NAAR-A,34
840,WAT-A,25
687,ZELFDE-A,25
1027,AUTO-RIJDEN-A,32
2259,AUTO-RIJDEN-A,38
2592,c.AF,26
6,c.OOK,3
143,SCHILDPAD-Bhanden,61
1661,c.OOK,26
385,ZELFDE-A,43
1677,C: 2,26
1028,c.ZIEN,25
1151,WAT-A,25
5,AUTO-RIJDEN-A,32
574,c.ZIEN,51
2126,HAAS-oor,47
2159,WAT-A,26
2505,ZELFDE-A,59
1676,ZELFDE-A,46
498,AUTO-RIJDEN-A,36
1582,HAAS-oor,25
643,HAAS-oor,27
1311,c.AF,27
846,AUTO-RIJDEN-A,48
901,ZELFDE-A,26
502,AUTO-RIJDEN-A,38
834,C: 2,40
2612,AUTO-RIJDEN-A,26
214,c.AF,55
1441,HEBBEN-A,10
2480,c.ZIEN,27
297,c.ZIEN,51
2613,HEBBEN-A,54
1553,ZELFDE-A,8
304,HAAS-oor,45
1841,HAAS-oor,43
1701,NAAR-A,18
883,C: 1,60
2139,NAAR-A,25
697,c.AF,24
2296,c.ZIEN,3
1423,HAAS-oor,45
4,HAAS-oor,27
1358,ZELFDE-A,26
1463,HAAS-oor,59
758,c.AF,8
850,c.OOK,24
1541,c.AF,59
686,C: 1,55
1697,MOETEN-A,60
1105,C: 1,48
2304,ZELFDE-A,18
467,WAT-A,59
1746,HAAS-oor,45
1075,AUTO-RIJDEN-A,34
440,c.AF,51
200,AUTO-RIJDEN-A,56
175,C: 2,18
1118,C: 1,60
1798,SCHILDPAD-Bhanden,51
2237,SCHILDPAD-Bhanden,25
1140,WAT-A,54
1618,C: 1,32
1824,HAAS-oor,51
448,AANKOMEN-A,47
2044,c.ZIEN,54
418,c.OOK,24
1,ZELFDE-A,37
302,c.AF,57
2622,HEBBEN-A,34
1416,AUTO-RIJDEN-A,52
2702,WAT-A,25
260,c.AF,45
1698,c.AF,51
1071,C: 2,56
908,C: 1,8
816,AANKOMEN-A,27
2353,AANKOMEN-A,34
2323,C: 1,34
2666,AUTO-RIJDEN-A,54
1748,c.ZIEN,33
810,C: 2,66
1752,c.OOK,51
1170,NAAR-A,38
486,C: 1,38
2361,WAT-A,43
1516,AUTO-RIJDEN-A,54
1667,AANKOMEN-A,61
2685,c.AF,32
1302,C: 1,32
2619,MOETEN-A,54
1947,SCHILDPAD-Bhanden,51
679,HAAS-oor,63
378,ZELFDE-A,10
1139,ZELFDE-A,46
674,AANKOMEN-A,43
2122,SCHILDPAD-Bhanden,63
233,AUTO-RIJDEN-A,34
1215,c.AF,27
561,C: 2,46
566,GOED-A,26
2497,C: 2,8
1723,AANKOMEN-A,61
1182,HAAS-oor,63
753,c.OOK,33
337,WAT-A,3
1041,AANKOMEN-A,35
2533,ZELFDE-A,24
2120,HEBBEN-A,24
2169,AANKOMEN-A,27
2201,c.OOK,25
722,AUTO-RIJDEN-A,48
379,c.ZIEN,37
2241,WAT-A,54
2284,AANKOMEN-A,57
1536,HAAS-oor,37
555,MOETEN-A,38
2191,c.AF,57
1030,AANKOMEN-A,63
2608,HAAS-oor,59
1976,HAAS-oor,61
206,HEBBEN-A,36
1668,AUTO-RIJDEN-A,24
26,SCHILDPAD-Bhanden,45
1500,MOETEN-A,54
1630,c.OOK,51
287,HAAS-oor,63
2672,SCHILDPAD-Bhanden,63
2413,AANKOMEN-A,35
2093,HEBBEN-A,3
2628,SCHILDPAD-Bhanden,59
1157,SCHILDPAD-Bhanden,55
691,c.ZIEN,29
1185,ZELFDE-A,24
425,AUTO-RIJDEN-A,26
1647,c.OOK,62
729,HAAS-oor,27
1219,c.ZIEN,24
671,ZELFDE-A,8
2055,NAAR-A,51
1734,AUTO-RIJDEN-A,10
1860,AUTO-RIJDEN-A,44
2484,AANKOMEN-A,43
535,HAAS-oor,57
2175,NAAR-A,26
1874,c.AF,32
2249,C: 2,60
2185,ZELFDE-A,67
984,HAAS-oor,59
764,HAAS-oor,45
982,c.OOK,33
800,AUTO-RIJDEN-A,66
1212,AANKOMEN-A,35
318,NAAR-A,34
1731,c.AF,26
1936,AUTO-RIJDEN-A,8
2019,GOED-A,10
1810,AUTO-RIJDEN-A,8
30,MOETEN-A,10
913,AUTO-RIJDEN-A,32
2243,AANKOMEN-A,61
677,AUTO-RIJDEN-A,36
533,AUTO-RIJDEN-A,8
2473,AUTO-RIJDEN-A,32
270,HAAS-oor,61
1178,HEBBEN-A,27
2168,C: 2,62
1574,HAAS-oor,27
1055,ZELFDE-A,34
348,ZELFDE-A,3
2338,C: 1,8
1584,AUTO-RIJDEN-A,62
104,AUTO-RIJDEN-A,8
1613,c.AF,59
313,AUTO-RIJDEN-A,40
2072,SCHILDPAD-Bhanden,35
276,c.AF,27
268,AUTO-RIJDEN-A,26
1608,HEBBEN-A,60
1507,AANKOMEN-A,63
604,ZELFDE-A,24
880,MOETEN-A,18
1058,WAT-A,58
415,NAAR-A,3
1204,AUTO-RIJDEN-A,24
2269,SCHILDPAD-Bhanden,45
995,c.AF,26
1960,C: 2,52
2449,c.AF,3
479,AUTO-RIJDEN-A,66
1367,HAAS-oor,59
2419,HAAS-oor,27
79,HAAS-oor,55
530,AANKOMEN-A,47
2712,AUTO-RIJDEN-A,54
936,AUTO-RIJDEN-A,8
794,AANKOMEN-A,61
1632,c.OOK,33
483,SCHILDPAD-Bhanden,25
506,HEBBEN-A,48
1042,AUTO-RIJDEN-A,32
2236,NAAR-A,37
52,c.AF,3
2527,WAT-A,56
2382,ZELFDE-A,43
2054,NAAR-A,45
932,c.AF,32
1144,c.OOK,8
2253,AANKOMEN-A,47
597,c.AF,45
1338,AUTO-RIJDEN-A,48
327,AUTO-RIJDEN-A,10
1757,AUTO-RIJDEN-A,40
434,AUTO-RIJDEN-A,24
655,AUTO-RIJDEN-A,26
1278,AUTO-RIJDEN-A,8
1473,GOED-A,40
1150,ZELFDE-A,54
1431,AANKOMEN-A,45
760,WAT-A,59
1620,c.AF,57
741,c.OOK,10
2476,SCHILDPAD-Bhanden,35
63,MOETEN-A,3
58,c.OOK,62
2588,C: 1,24
2439,AANKOMEN-A,37
512,HAAS-oor,59
422,SCHILDPAD-Bhanden,63
1464,WAT-A,51
1119,AANKOMEN-A,51
2557,HEBBEN-A,8
805,c.ZIEN,10
654,ZELFDE-A,56
2470,NAAR-A,66
2095,WAT-A,3
2597,AANKOMEN-A,45
1972,AUTO-RIJDEN-A,44
2475,ZELFDE-A,40
493,C: 2,10
2368,AUTO-RIJDEN-A,60
863,c.ZIEN,40
1160,HEBBEN-A,48
1425,c.ZIEN,24
12,AUTO-RIJDEN-A,26
363,c.OOK,51
664,c.ZIEN,18
1169,ZELFDE-A,38
1275,c.AF,3
141,c.AF,46
1224,AUTO-RIJDEN-A,10
2156,AANKOMEN-A,45
2004,C: 2,3
1111,c.AF,46
2299,GOED-A,66
1905,HAAS-oor,43
536,c.ZIEN,29
2607,AANKOMEN-A,35
1420,C: 2,36
1357,c.ZIEN,25
1382,WAT-A,8
1493,AUTO-RIJDEN-A,8
258,MOETEN-A,25
1886,c.AF,26
1988,AUTO-RIJDEN-A,32
2562,c.AF,48
1104,NAAR-A,8
849,ZELFDE-A,46
1396,SCHILDPAD-Bhanden,51
475,AUTO-RIJDEN-A,26
1184,NAAR-A,43
1700,AANKOMEN-A,43
2182,NAAR-A,8
1398,SCHILDPAD-Bhanden,57
461,NAAR-A,43
828,ZELFDE-A,46
2380,HEBBEN-A,24
1774,AANKOMEN-A,45
1282,c.AF,25
368,c.AF,54
376,AUTO-RIJDEN-A,54
1586,AUTO-RIJDEN-A,52
2186,c.OOK,18
392,ZELFDE-A,34
869,C: 1,55
303,ZELFDE-A,8
1320,SCHILDPAD-Bhanden,35
281,SCHILDPAD-Bhanden,25
2727,c.AF,24
1996,C: 1,34
1020,c.AF,32
1229,c.AF,57
2642,C: 2,46
2013,c.OOK,35
639,c.AF,8
2465,ZELFDE-A,56
1372,AUTO-RIJDEN-A,62
746,ZELFDE-A,51
153,c.ZIEN,45
1328,HAAS-oor,59
1982,ZELFDE-A,46
1392,HAAS-oor,59
413,c.AF,56
271,c.OOK,3
135,MOETEN-A,57
804,SCHILDPAD-Bhanden,55
1002,AANKOMEN-A,37
1059,HEBBEN-A,48
2316,NAAR-A,48
1366,HAAS-oor,51
2327,AUTO-RIJDEN-A,66
224,HEBBEN-A,25
367,AUTO-RIJDEN-A,24
853,HEBBEN-A,58
228,c.AF,52
2402,c.ZIEN,26
76,HAAS-oor,51
442,C: 1,68
1209,c.ZIEN,37
359,AUTO-RIJDEN-A,58
61,HAAS-oor,47
1821,HEBBEN-A,40
2399,MOETEN-A,18
681,AUTO-RIJDEN-A,66
205,GOED-A,47
2385,c.AF,24
2426,HAAS-oor,63
1305,AUTO-RIJDEN-A,54
1953,c.AF,59
408,c.ZIEN,3
1776,HEBBEN-A,36
401,AANKOMEN-A,35
1294,C: 2,60
1165,HEBBEN-A,27
1940,WAT-A,51
2405,AUTO-RIJDEN-A,52
1878,SCHILDPAD-Bhanden,61
2146,WAT-A,3
121,AUTO-RIJDEN-A,32
1640,c.ZIEN,36
489,ZELFDE-A,56
1325,ZELFDE-A,51
1256,c.ZIEN,35
2340,c.AF,57
2697,WAT-A,10
980,c.AF,3
1785,SCHILDPAD-Bhanden,63
1211,GOED-A,51
747,c.OOK,62
1967,HEBBEN-A,48
2492,AUTO-RIJDEN-A,52
685,WAT-A,59
646,c.OOK,18
2716,c.AF,57
707,C: 1,55
1935,ZELFDE-A,8
921,AUTO-RIJDEN-A,62
2668,AUTO-RIJDEN-A,56
188,HEBBEN-A,54
2713,c.OOK,25
595,c.OOK,3
986,AUTO-RIJDEN-A,66
199,c.OOK,3
777,HAAS-oor,57
403,WAT-A,51
1291,SCHILDPAD-Bhanden,45
1662,c.AF,37
2221,c.AF,45
1593,HEBBEN-A,62
2721,c.ZIEN,51
511,HEBBEN-A,27
1540,c.AF,26
2187,AANKOMEN-A,47
1351,NAAR-A,25
881,GOED-A,40
787,c.AF,24
2602,C: 2,58
1121,NAAR-A,54
1775,c.OOK,51
2264,AANKOMEN-A,35
2663,HAAS-oor,35
2455,ZELFDE-A,54
122,WAT-A,52
1629,c.AF,10
375,c.AF,25
539,ZELFDE-A,25
2641,c.AF,10
335,AUTO-RIJDEN-A,48
82,WAT-A,46
859,HEBBEN-A,66
670,HAAS-oor,61
2363,AANKOMEN-A,35
2311,HEBBEN-A,38
1399,AUTO-RIJDEN-A,58
1795,c.AF,54
2246,HAAS-oor,35
1768,HAAS-oor,55
1806,c.OOK,46
182,NAAR-A,18
423,WAT-A,33
2010,HAAS-oor,47
180,c.ZIEN,36
2315,AANKOMEN-A,37
867,c.OOK,43
598,c.ZIEN,29
614,HAAS-oor,63
2393,AUTO-RIJDEN-A,38
1756,HAAS-oor,51
577,AANKOMEN-A,55
2160,HAAS-oor,55
2366,c.AF,62
2190,AANKOMEN-A,57
1432,NAAR-A,56
362,c.AF,33
1583,c.OOK,62
2634,MOETEN-A,60
2293,HAAS-oor,63
607,ZELFDE-A,33
1213,AUTO-RIJDEN-A,44
1669,AUTO-RIJDEN-A,36
457,NAAR-A,36
1899,c.ZIEN,25
50,HEBBEN-A,51
1259,c.AF,38
1401,NAAR-A,52
231,NAAR-A,8
1404,c.AF,46
484,HAAS-oor,37
1498,AUTO-RIJDEN-A,58
858,c.AF,37
1509,c.OOK,26
1381,C: 2,24
1568,c.AF,46
2708,C: 1,62
1915,c.OOK,47
1198,c.AF,27
1506,c.AF,24
580,NAAR-A,40
1073,WAT-A,24
154,SCHILDPAD-Bhanden,25
1637,MOETEN-A,24
996,AUTO-RIJDEN-A,24
1812,AUTO-RIJDEN-A,32
808,SCHILDPAD-Bhanden,57
1314,C: 2,8
1490,AUTO-RIJDEN-A,36
1053,WAT-A,51
1604,HEBBEN-A,48
1470,WAT-A,51
786,c.AF,8
466,ZELFDE-A,51
1221,ZELFDE-A,33
2596,AUTO-RIJDEN-A,54
907,ZELFDE-A,24
1000,GOED-A,38
2305,AANKOMEN-A,32
2178,HAAS-oor,45
226,ZELFDE-A,26
1247,AANKOMEN-A,35
709,c.ZIEN,36
2575,AANKOMEN-A,47
1926,c.ZIEN,10
237,C: 1,55
783,C: 2,24
1019,c.ZIEN,61
2217,C: 2,62
2580,C: 2,36
446,c.AF,25
1532,C: 1,36
2574,HEBBEN-A,27
1466,HAAS-oor,47
1088,c.ZIEN,47
160,ZELFDE-A,26
1782,c.AF,3
1625,SCHILDPAD-Bhanden,35
210,ZELFDE-A,24
2218,SCHILDPAD-Bhanden,25
2258,HEBBEN-A,10
1559,C: 2,8
1194,AUTO-RIJDEN-A,8
1971,c.ZIEN,54
2100,AANKOMEN-A,26
1733,NAAR-A,62
769,c.AF,57
2403,MOETEN-A,3
291,c.AF,32
594,SCHILDPAD-Bhanden,45
1313,HEBBEN-A,51
2048,SCHILDPAD-Bhanden,63
1037,HAAS-oor,59
1089,AANKOMEN-A,61
2611,GOED-A,26
1885,SCHILDPAD-Bhanden,51
1426,HEBBEN-A,34
2384,c.AF,55
184,HAAS-oor,47
430,SCHILDPAD-Bhanden,25
2291,HAAS-oor,57
871,AUTO-RIJDEN-A,40
480,ZELFDE-A,26
960,c.AF,8
988,SCHILDPAD-Bhanden,55
487,HAAS-oor,51
220,c.OOK,46
416,C: 2,58
1945,c.AF,46
2471,AANKOMEN-A,27
2591,AUTO-RIJDEN-A,38
2643,c.AF,18
715,SCHILDPAD-Bhanden,63
1310,c.ZIEN,60
1308,c.AF,54
2600,HEBBEN-A,10
1615,AANKOMEN-A,55
772,C: 2,52
1199,NAAR-A,24
2309,GOED-A,47
181,AUTO-RIJDEN-A,34
1718,c.AF,27
2701,HEBBEN-A,51
2650,c.AF,51
1829,C: 2,66
1974,c.AF,57
2496,c.ZIEN,55
1261,HEBBEN-A,54
609,c.ZIEN,27
1106,ZELFDE-A,3
1911,AUTO-RIJDEN-A,56
1600,NAAR-A,27
2388,AUTO-RIJDEN-A,58
553,ZELFDE-A,38
369,c.AF,43
590,c.AF,35
1652,C: 1,3
2512,AUTO-RIJDEN-A,32
126,c.AF,26
2546,c.AF,26
1149,HAAS-oor,27
80,c.OOK,55
2251,AUTO-RIJDEN-A,56
1123,GOED-A,3
2003,WAT-A,36
254,ZELFDE-A,24
1973,WAT-A,57
2179,c.AF,25
460,AUTO-RIJDEN-A,32
1592,WAT-A,25
1703,AUTO-RIJDEN-A,10
851,SCHILDPAD-Bhanden,61
2691,C: 2,54
1673,AANKOMEN-A,43
1250,SCHILDPAD-Bhanden,45
2144,HAAS-oor,27
1072,AUTO-RIJDEN-A,48
2515,AANKOMEN-A,55
891,NAAR-A,62
1299,c.ZIEN,33
2624,ZELFDE-A,47
1391,AUTO-RIJDEN-A,10
1100,NAAR-A,8
1791,c.ZIEN,8
2173,AUTO-RIJDEN-A,32
662,c.AF,57
2644,ZELFDE-A,18
892,GOED-A,48
1510,c.AF,38
2593,C: 2,3
605,c.AF,18
1765,ZELFDE-A,55
1192,ZELFDE-A,8
2206,AUTO-RIJDEN-A,32
648,GOED-A,60
186,WAT-A,57
726,AUTO-RIJDEN-A,36
354,c.OOK,3
43,AANKOMEN-A,35
1965,NAAR-A,24
1026,AUTO-RIJDEN-A,60
2559,AANKOMEN-A,59
1906,NAAR-A,37
1080,HEBBEN-A,60
1349,HAAS-oor,59
698,HAAS-oor,55
1952,AUTO-RIJDEN-A,18
864,C: 1,34
1751,AUTO-RIJDEN-A,32
624,NAAR-A,32
541,AUTO-RIJDEN-A,56
1793,NAAR-A,58
656,c.OOK,36
1364,GOED-A,37
1379,NAAR-A,18
2158,HEBBEN-A,40
937,c.AF,52
2671,SCHILDPAD-Bhanden,55
2165,SCHILDPAD-Bhanden,25
130,c.OOK,26
1621,WAT-A,51
1990,SCHILDPAD-Bhanden,59
1784,ZELFDE-A,24
1474,c.OOK,33
288,HAAS-oor,45
1415,HEBBEN-A,66
724,NAAR-A,44
2111,HEBBEN-A,27
526,GOED-A,29
2342,c.ZIEN,10
1214,ZELFDE-A,8
109,AUTO-RIJDEN-A,54
2200,AUTO-RIJDEN-A,44
22,AUTO-RIJDEN-A,54
92,AUTO-RIJDEN-A,34
855,AUTO-RIJDEN-A,8
781,GOED-A,51
2441,ZELFDE-A,46
37,c.OOK,3
876,HEBBEN-A,26
2012,C: 2,55
1725,NAAR-A,34
1642,WAT-A,33
364,c.AF,24
1438,AUTO-RIJDEN-A,36
1449,AANKOMEN-A,47
1670,c.ZIEN,18
675,c.AF,27
1096,c.ZIEN,29
1445,ZELFDE-A,56
1577,HAAS-oor,35
91,NAAR-A,18
875,c.AF,10
2220,ZELFDE-A,10
148,ZELFDE-A,26
1337,AUTO-RIJDEN-A,56
2524,AUTO-RIJDEN-A,54
2255,ZELFDE-A,8
95,c.AF,27
123,HAAS-oor,37
720,c.AF,57
2183,AUTO-RIJDEN-A,34
2115,c.AF,25
2040,HEBBEN-A,45
1680,c.OOK,25
2319,WAT-A,57
2662,AUTO-RIJDEN-A,48
203,AUTO-RIJDEN-A,58
596,AUTO-RIJDEN-A,32
2387,NAAR-A,38
2397,GOED-A,48
105,AANKOMEN-A,35
925,AUTO-RIJDEN-A,32
204,SCHILDPAD-Bhanden,63
2494,AANKOMEN-A,27
2308,AUTO-RIJDEN-A,46
2563,AUTO-RIJDEN-A,26
1321,HEBBEN-A,40
1515,NAAR-A,38
515,WAT-A,51
1191,AUTO-RIJDEN-A,44
42,c.AF,32
2172,SCHILDPAD-Bhanden,61
631,SCHILDPAD-Bhanden,59
1521,SCHILDPAD-Bhanden,55
209,ZELFDE-A,26
2051,NAAR-A,29
1172,C: 2,3
2121,SCHILDPAD-Bhanden,63
2450,C: 2,33
2326,HEBBEN-A,35
1057,c.AF,37
2189,NAAR-A,54
1753,HAAS-oor,25
1566,C: 1,38
263,c.AF,55
902,ZELFDE-A,46
2020,MOETEN-A,52
942,GOED-A,18
333,c.OOK,51
642,c.AF,10
1591,C: 1,38
1241,AUTO-RIJDEN-A,8
2731,c.OOK,3
1852,AUTO-RIJDEN-A,46
1950,HEBBEN-A,35
1761,GOED-A,38
818,NAAR-A,66
1846,HEBBEN-A,61
2506,AUTO-RIJDEN-A,52
940,NAAR-A,54
1475,WAT-A,57
1863,HEBBEN-A,25
194,GOED-A,48
2239,NAAR-A,54
1970,HEBBEN-A,60
2021,HEBBEN-A,59
2176,ZELFDE-A,24
1550,c.ZIEN,36
2652,HAAS-oor,25
1687,NAAR-A,44
1802,AUTO-RIJDEN-A,46
1714,WAT-A,51
1523,AANKOMEN-A,26
1622,NAAR-A,8
1292,ZELFDE-A,18
2090,c.AF,3
1887,c.OOK,18
2290,AUTO-RIJDEN-A,56
1648,HAAS-oor,37
2552,AANKOMEN-A,57
659,c.AF,45
510,c.OOK,54
2357,c.AF,38
1738,NAAR-A,34
1991,c.ZIEN,66
1678,AUTO-RIJDEN-A,66
2657,ZELFDE-A,46
543,C: 2,54
299,C: 2,32
1535,NAAR-A,60
2329,AUTO-RIJDEN-A,58
809,SCHILDPAD-Bhanden,51
2567,HEBBEN-A,26
1067,AUTO-RIJDEN-A,8
2031,HAAS-oor,37
519,AANKOMEN-A,45
1099,NAAR-A,66
1659,SCHILDPAD-Bhanden,61
444,HEBBEN-A,48
600,SCHILDPAD-Bhanden,59
1230,AANKOMEN-A,43
1864,AUTO-RIJDEN-A,66
2261,ZELFDE-A,26
2347,HAAS-oor,43
1958,c.ZIEN,36
943,SCHILDPAD-Bhanden,63
1589,NAAR-A,44
111,c.AF,32
2224,c.ZIEN,36
2477,MOETEN-A,55
1555,c.OOK,62
979,C: 2,58
2617,ZELFDE-A,24
136,C: 2,52
294,AUTO-RIJDEN-A,40
2649,AANKOMEN-A,26
1865,SCHILDPAD-Bhanden,61
1251,C: 1,24
2184,c.AF,38
2395,c.AF,52
1006,ZELFDE-A,8
1569,HEBBEN-A,3
2349,AUTO-RIJDEN-A,10
2113,ZELFDE-A,46
2578,C: 1,8
2354,ZELFDE-A,46
852,ZELFDE-A,34
1771,ZELFDE-A,8
635,AANKOMEN-A,61
903,HAAS-oor,57
657,c.AF,8
1450,HEBBEN-A,59
1293,SCHILDPAD-Bhanden,63
1617,c.AF,24
1528,ZELFDE-A,34
2256,AUTO-RIJDEN-A,24
1244,WAT-A,48
2147,WAT-A,29
2009,c.ZIEN,33
1152,HAAS-oor,51
1290,c.ZIEN,51
2682,C: 2,36
2058,HAAS-oor,55
421,GOED-A,32
1646,c.ZIEN,25
2460,c.AF,33
18,AUTO-RIJDEN-A,52
958,c.AF,43
947,AUTO-RIJDEN-A,10
1430,AUTO-RIJDEN-A,54
1938,HEBBEN-A,40
1079,ZELFDE-A,26
1131,AUTO-RIJDEN-A,36
1777,c.OOK,55
1758,C: 2,18
2447,AANKOMEN-A,57
1457,HEBBEN-A,32
2604,C: 2,38
1330,ZELFDE-A,54
1834,AUTO-RIJDEN-A,52
2022,c.ZIEN,47
1257,HEBBEN-A,24
2166,SCHILDPAD-Bhanden,55
1961,WAT-A,48
1882,AANKOMEN-A,47
692,ZELFDE-A,26
552,c.OOK,10
2462,ZELFDE-A,52
2640,c.AF,46
2244,c.OOK,26
1796,AANKOMEN-A,43
1689,ZELFDE-A,18
2070,WAT-A,34
1190,MOETEN-A,54
2689,SCHILDPAD-Bhanden,51
2226,HAAS-oor,45
1087,c.OOK,51
433,HEBBEN-A,3
2523,ZELFDE-A,46
2114,C: 2,52
139,HAAS-oor,47
1740,AUTO-RIJDEN-A,56
2060,c.ZIEN,3
551,AUTO-RIJDEN-A,10
66,GOED-A,52
384,MOETEN-A,24
509,c.ZIEN,46
238,HAAS-oor,57
1724,c.OOK,62
2041,C: 2,52
2670,c.OOK,10
865,GOED-A,24
1995,ZELFDE-A,3
1403,HEBBEN-A,54
1679,C: 1,62
2064,c.OOK,18
1518,c.AF,43
1694,HAAS-oor,35
1304,WAT-A,46
1014,HAAS-oor,47
700,HEBBEN-A,25
1128,AANKOMEN-A,55
2433,NAAR-A,32
1208,GOED-A,47
1419,c.AF,24
2503,C: 2,10
2278,AUTO-RIJDEN-A,18
1708,c.AF,46
1414,NAAR-A,37
103,HAAS-oor,63
524,c.OOK,56
1826,C: 1,32
1980,NAAR-A,32
458,AANKOMEN-A,37
1453,NAAR-A,57
2540,SCHILDPAD-Bhanden,25
1654,SCHILDPAD-Bhanden,59
1888,ZELFDE-A,43
19,HEBBEN-A,59
714,c.AF,57
2362,WAT-A,43
310,c.OOK,26
1115,AUTO-RIJDEN-A,66
1269,c.AF,52
2466,HEBBEN-A,34
616,HAAS-oor,47
1082,AANKOMEN-A,61
641,SCHILDPAD-Bhanden,35
2452,HAAS-oor,63
819,AUTO-RIJDEN-A,40
1371,AUTO-RIJDEN-A,10
2252,c.AF,57
245,HAAS-oor,55
107,ZELFDE-A,26
2655,WAT-A,56
1786,HAAS-oor,35
1743,GOED-A,52
285,c.OOK,34
2367,c.AF,66
162,NAAR-A,3
1405,AANKOMEN-A,61
1927,c.OOK,44
652,c.OOK,3
1626,MOETEN-A,54
1235,HEBBEN-A,35
435,C: 2,62
912,AUTO-RIJDEN-A,52
2725,c.AF,33
554,AUTO-RIJDEN-A,26
345,c.OOK,26
1101,c.ZIEN,25
2485,C: 2,32
2344,SCHILDPAD-Bhanden,63
1580,HEBBEN-A,36
1596,ZELFDE-A,8
749,WAT-A,32
2726,ZELFDE-A,46
2555,AUTO-RIJDEN-A,38
1907,ZELFDE-A,8
357,HEBBEN-A,3
1341,HEBBEN-A,40
2390,HEBBEN-A,66
1979,HAAS-oor,61
1436,HAAS-oor,45
2609,HAAS-oor,63
2590,c.ZIEN,55
295,AUTO-RIJDEN-A,58
618,HEBBEN-A,3
2372,c.ZIEN,25
2087,c.AF,40
1162,ZELFDE-A,40
2285,GOED-A,57
275,WAT-A,48
2589,HEBBEN-A,26
1844,HEBBEN-A,48
2446,SCHILDPAD-Bhanden,25
1750,C: 2,26
2509,WAT-A,59
2584,HAAS-oor,63
1836,NAAR-A,24
2428,C: 2,8
651,C: 2,48
51,HEBBEN-A,47
1142,c.OOK,38
1085,c.AF,51
521,ZELFDE-A,8
790,HEBBEN-A,35
1395,WAT-A,38
1461,GOED-A,10
909,c.ZIEN,47
355,C: 1,8
757,WAT-A,3
544,ZELFDE-A,26
2231,AUTO-RIJDEN-A,3
676,AANKOMEN-A,63
2705,c.AF,46
411,ZELFDE-A,25
1610,AUTO-RIJDEN-A,32
1635,HAAS-oor,47
623,c.OOK,10
190,c.ZIEN,29
1143,c.AF,45
1233,c.OOK,33
2500,HEBBEN-A,68
843,c.AF,46
2610,c.AF,54
2486,c.ZIEN,29
2517,SCHILDPAD-Bhanden,51
67,MOETEN-A,27
1324,HEBBEN-A,66
1025,AUTO-RIJDEN-A,32
1634,c.ZIEN,48
1485,AUTO-RIJDEN-A,18
2398,ZELFDE-A,38
2348,c.OOK,54
2564,AUTO-RIJDEN-A,54
817,c.AF,52
839,AUTO-RIJDEN-A,3
740,ZELFDE-A,46
774,c.ZIEN,63
2416,NAAR-A,3
997,c.ZIEN,10
939,C: 2,32
2162,SCHILDPAD-Bhanden,51
1370,ZELFDE-A,25
140,AUTO-RIJDEN-A,56
1512,C: 2,60
2230,C: 2,38
975,SCHILDPAD-Bhanden,55
1400,NAAR-A,34
1705,c.OOK,46
1193,HEBBEN-A,29
1458,HEBBEN-A,26
782,NAAR-A,52
560,ZELFDE-A,25
1223,HEBBEN-A,26
1476,HAAS-oor,63
352,HAAS-oor,37
622,NAAR-A,54
317,AUTO-RIJDEN-A,24
1929,SCHILDPAD-Bhanden,55
1177,c.ZIEN,36
2047,AANKOMEN-A,43
85,HAAS-oor,57
2088,HEBBEN-A,27
1994,HAAS-oor,55
527,C: 2,32
1109,ZELFDE-A,47
447,HEBBEN-A,36
599,HEBBEN-A,66
1127,AUTO-RIJDEN-A,36
296,HEBBEN-A,26
2658,HAAS-oor,55
212,c.AF,10
1093,NAAR-A,24
2330,AUTO-RIJDEN-A,8
1997,c.OOK,8
836,SCHILDPAD-Bhanden,25
2177,HEBBEN-A,8
1031,NAAR-A,10
798,HEBBEN-A,43
1054,c.ZIEN,45
665,c.AF,57
2107,C: 2,48
2637,HEBBEN-A,67
1200,c.AF,27
2482,ZELFDE-A,26
307,NAAR-A,48
27,HEBBEN-A,47
2024,HAAS-oor,37
2271,HAAS-oor,59
549,HAAS-oor,55
888,c.AF,59
974,AUTO-RIJDEN-A,40
966,ZELFDE-A,18
2267,c.OOK,25
615,c.AF,46
1880,c.AF,38
696,C: 2,62
2225,HAAS-oor,37
101,ZELFDE-A,18
1433,WAT-A,36
2406,AUTO-RIJDEN-A,34
1941,AUTO-RIJDEN-A,10
1517,ZELFDE-A,26
29,HAAS-oor,27
832,GOED-A,24
2073,WAT-A,46
542,c.OOK,26
114,HAAS-oor,45
1066,AUTO-RIJDEN-A,40
330,AUTO-RIJDEN-A,18
778,HEBBEN-A,3
1508,SCHILDPAD-Bhanden,27
2365,c.OOK,38
1380,C: 1,62
2422,c.AF,56
151,c.ZIEN,46
2130,SCHILDPAD-Bhanden,25
1819,c.OOK,40
1732,c.ZIEN,63
2219,HAAS-oor,63
471,NAAR-A,18
1412,HEBBEN-A,10
1653,HEBBEN-A,43
1062,ZELFDE-A,46
1086,NAAR-A,18
1847,NAAR-A,52
1335,c.AF,67
1332,HAAS-oor,59
1969,HAAS-oor,55
1531,c.AF,25
1245,WAT-A,67
24,C: 2,24
1576,SCHILDPAD-Bhanden,63
216,C: 2,8
1385,AANKOMEN-A,47
873,HAAS-oor,63
2352,AUTO-RIJDEN-A,36
470,c.OOK,24
2143,AUTO-RIJDEN-A,18
2627,SCHILDPAD-Bhanden,51
1129,c.OOK,10
2407,C: 1,33
170,SCHILDPAD-Bhanden,25
683,HAAS-oor,47
146,c.AF,33
1369,c.AF,3
377,WAT-A,62
2359,c.ZIEN,38
1482,c.OOK,62
990,MOETEN-A,38
1047,AUTO-RIJDEN-A,18
211,AANKOMEN-A,43
838,AUTO-RIJDEN-A,54
46,c.ZIEN,36
1570,WAT-A,57
2630,C: 2,58
1033,AANKOMEN-A,63
1322,c.OOK,3
2414,C: 2,38
1353,AUTO-RIJDEN-A,3
1684,WAT-A,63
799,AUTO-RIJDEN-A,52
1943,AUTO-RIJDEN-A,58
1179,SCHILDPAD-Bhanden,63
1721,WAT-A,8
728,c.OOK,10
1455,HEBBEN-A,3
1803,HEBBEN-A,59
1722,HEBBEN-A,62
889,AUTO-RIJDEN-A,3
1009,ZELFDE-A,24
1858,C: 1,56
1242,HEBBEN-A,46
2235,NAAR-A,10
1726,HEBBEN-A,48
450,HAAS-oor,47
1855,c.OOK,62
1816,c.AF,10
264,HAAS-oor,51
910,c.ZIEN,35
1832,c.AF,51
1693,AUTO-RIJDEN-A,32
673,SCHILDPAD-Bhanden,61
1529,AANKOMEN-A,27
380,ZELFDE-A,54
2263,WAT-A,27
1355,AUTO-RIJDEN-A,40
2553,c.OOK,3
1749,ZELFDE-A,34
1928,NAAR-A,25
1112,NAAR-A,3
1428,HEBBEN-A,34
2631,WAT-A,3
1850,WAT-A,62
999,ZELFDE-A,18
750,NAAR-A,60
1049,ZELFDE-A,25
1285,c.AF,67
2653,c.ZIEN,10
1511,AUTO-RIJDEN-A,8
1800,ZELFDE-A,25
2281,ZELFDE-A,25
2468,c.OOK,36
361,AUTO-RIJDEN-A,32
2289,HAAS-oor,37
1248,HAAS-oor,37
1220,c.ZIEN,37
2124,c.AF,18
1397,C: 2,62
1959,HAAS-oor,37
742,HAAS-oor,27
428,MOETEN-A,8
326,C: 1,60
177,NAAR-A,55
2110,SCHILDPAD-Bhanden,25
1340,c.AF,36
266,C: 2,56
1035,GOED-A,40
2568,ZELFDE-A,54
2720,WAT-A,38
2240,c.OOK,8
727,c.AF,62
1891,ZELFDE-A,46
2594,AANKOMEN-A,8
2071,GOED-A,52
1767,AUTO-RIJDEN-A,60
820,c.OOK,40
1985,c.OOK,51
1900,HEBBEN-A,48
488,HAAS-oor,47
324,HEBBEN-A,45
950,c.ZIEN,29
1645,ZELFDE-A,25
1262,c.OOK,24
56,AUTO-RIJDEN-A,38
1136,c.AF,25
516,SCHILDPAD-Bhanden,59
1764,ZELFDE-A,18
2180,c.AF,25
168,c.OOK,8
2396,C: 2,3
1333,c.ZIEN,18
2322,C: 1,46
1921,NAAR-A,62
73,c.AF,32
398,AANKOMEN-A,27
1663,c.OOK,3
2488,HEBBEN-A,40
1562,AANKOMEN-A,26
894,ZELFDE-A,38
898,GOED-A,62
885,c.OOK,26
2099,AUTO-RIJDEN-A,48
2089,HAAS-oor,57
1741,ZELFDE-A,26
559,NAAR-A,54
2639,C: 1,3
1707,HEBBEN-A,3
933,C: 2,62
1730,ZELFDE-A,25
967,c.OOK,51
329,c.OOK,18
2129,c.AF,45
2647,c.ZIEN,33
870,c.AF,26
1892,WAT-A,51
1675,AUTO-RIJDEN-A,8
1255,ZELFDE-A,26
1919,ZELFDE-A,8
1948,c.ZIEN,3
1552,AANKOMEN-A,57
831,HAAS-oor,45
39,SCHILDPAD-Bhanden,59
108,AANKOMEN-A,34
2686,c.OOK,43
2298,WAT-A,36
1747,WAT-A,51
801,MOETEN-A,25
1522,c.AF,63
191,HEBBEN-A,34
316,NAAR-A,55
2123,HEBBEN-A,66
1271,HAAS-oor,51
1811,NAAR-A,27
2257,C: 1,35
482,MOETEN-A,26
2408,GOED-A,40
1851,HEBBEN-A,58
1699,ZELFDE-A,43
2638,C: 2,10
2046,WAT-A,62
2199,SCHILDPAD-Bhanden,61
2664,HEBBEN-A,51
1465,HAAS-oor,27
1479,HAAS-oor,25
2625,HEBBEN-A,59
1303,WAT-A,59
14,c.OOK,44
1917,SCHILDPAD-Bhanden,51
1530,c.AF,54
1317,AUTO-RIJDEN-A,8
1024,c.AF,34
236,ZELFDE-A,26
564,NAAR-A,38
277,AUTO-RIJDEN-A,58
1902,AANKOMEN-A,61
2453,HEBBEN-A,34
2660,AUTO-RIJDEN-A,66
1601,HEBBEN-A,47
2132,NAAR-A,68
2017,C: 2,52
436,NAAR-A,8
537,c.OOK,25
2084,ZELFDE-A,46
2601,c.OOK,51
2030,SCHILDPAD-Bhanden,61
2062,c.AF,46
854,HAAS-oor,57
72,AANKOMEN-A,63
171,HEBBEN-A,62
1769,C: 2,63
611,AANKOMEN-A,26
1133,AUTO-RIJDEN-A,32
1658,ZELFDE-A,34
456,ZELFDE-A,62
568,c.AF,43
2516,C: 2,52
1176,AANKOMEN-A,27
372,c.AF,24
593,AUTO-RIJDEN-A,34
1916,AUTO-RIJDEN-A,52
1168,AUTO-RIJDEN-A,48
1329,ZELFDE-A,18
1318,AUTO-RIJDEN-A,26
1607,HAAS-oor,63
1901,WAT-A,44
2082,c.AF,27
1644,AANKOMEN-A,43
896,HEBBEN-A,10
255,C: 1,56
1196,c.OOK,43
579,WAT-A,46
106,AUTO-RIJDEN-A,32
1195,HAAS-oor,45
2036,AANKOMEN-A,63
2551,AUTO-RIJDEN-A,54
262,c.OOK,3
540,C: 2,54
1631,HEBBEN-A,3
1447,HAAS-oor,27
969,WAT-A,32
2025,NAAR-A,60
371,c.AF,46
17,HAAS-oor,25
279,c.ZIEN,36
2188,c.AF,67
2272,SCHILDPAD-Bhanden,63
2723,GOED-A,52
2676,c.OOK,26
1897,AUTO-RIJDEN-A,40
701,HEBBEN-A,34
504,AUTO-RIJDEN-A,34
70,AUTO-RIJDEN-A,58
319,c.AF,32
2339,c.AF,44
985,HAAS-oor,47
1987,ZELFDE-A,62
